titulo,valoracion,precio,ventas,disponibles,envio,tienda,valorizacion,ventas_vendedor
"Macbook Air 13'' Procesador Apple M1 (8 Gb Ram, 256 Gb Ssd) Color Gris espacial - Distribuidor autorizado",5.0,3999 soles,Nuevo | +500 vendidos,(31 disponibles),Envío gratis,,MercadoLíder Gold,+5mil
Acer Nitro 5 Ci7-11800h 16gb 1tb+512gb Ssd Rtx3050ti 4gb W11,,5499 soles con 34 céntimos,Nuevo | 4 vendidos,(2 disponibles),Envío gratis,,MercadoLíder Gold,+100
Laptop Hp Amd Ryzen 5 12gb 256gb 14 Window 11 Home Color Plateado,,1999 soles,Nuevo | 2 vendidos,(30 disponibles),Envío gratis,,,+5mil
Laptop Lenovo V15 G3 Ci5 12vagen 24gb Ram 512gb Ssd+1tbhdd,,2460 soles con 50 céntimos,Nuevo | +5 vendidos,(4 disponibles),Envío gratis,,MercadoLíder Gold,+500
Macbook Pro 13 (2022) Chip M2 Apple / 8gb Ram Ssd 256gb,,5369 soles,Nuevo | +25 vendidos,,Envío gratis,,MercadoLíder Gold,+1000
"Apple Macbook Air 13,6 Chip M2 256gb",,4859 soles,Nuevo | 3 vendidos,,Envío gratis,,MercadoLíder Gold,+100
"MacBook Pro 16-inch 2023 gris espacial 16.2"", Apple M2 Max 96GB de RAM 2 TB SSD, Apple M2 Max 38-Core GPU 120 Hz 3456x2234px macOS",,23499 soles,Nuevo,,Envío gratis,,MercadoLíder Gold,+1000
Asus Tuf Dash F15 Core I7 12650h 32ddr5 1tb Ssd Rtx3070 15.6,,7089 soles,Nuevo | +5 vendidos,(3 disponibles),Envío gratis,,MercadoLíder Gold,+100
Macbook Pro 16 (2023) Chip M2 Pro Apple Ssd 512gb / 16gb Ram,5.0,9920 soles,Nuevo | +5 vendidos,,Envío gratis,,MercadoLíder Gold,+1000
Apple Macbook Air 15 Chip M2 512gb Ssd / 8gb Ram 2023,,7299 soles,Nuevo | 3 vendidos,,Envío gratis,,MercadoLíder Gold,+1000
Laptop Lenovo V15 15.6'' Fhd Ci7-1165g7 16gb 1tb+256ssd W11,5.0,2999 soles con 35 céntimos,Nuevo | +5 vendidos,(18 disponibles),Envío gratis,,MercadoLíder Gold,+100
Msi Raider Ge76 17.3' Core I9-12900h 1tbssd 32gb Ram Rtx3060,,8789 soles,Nuevo | +5 vendidos,(3 disponibles),Envío gratis,,MercadoLíder Gold,+100
"MacBook Pro 16-inch 2023 space gray 16.2"", Apple M2 Max 32GB de RAM 1 TB SSD, Apple M2 Max 38-Core GPU 120 Hz 3456x2234px macOS",,,,,,,,
Macbook Pro 14 M2 Pro 16gb Ram 512ssd Teclado Español,,9699 soles,Nuevo | 4 vendidos,(3 disponibles),Envío gratis,,MercadoLíder Gold,+1000
Laptop Asus X1605 16' Ips I5 11va 16gb 512ssd W11,,2748 soles con 80 céntimos,Nuevo | +5 vendidos,(2 disponibles),Envío gratis,,MercadoLíder Gold,+1000
Macbook Pro 16 (2023) Chip M2 Pro Apple Ssd 1tb / 16gb Ram,5.0,11199 soles,Nuevo | +5 vendidos,(3 disponibles),Envío gratis,,MercadoLíder Gold,+1000
Hp Victus 15 144hz Ci5-13420h 16gb 512ssd Rtx3050 6gb - 2023,4.0,4499 soles con 27 céntimos,Nuevo | 4 vendidos,(6 disponibles),Envío gratis,,MercadoLíder Gold,+100
Asus Rog G16 -2023 Core I7 13650hx 32ddr5 1tbssd Rtx4060 16',5.0,8459 soles,Nuevo | +5 vendidos,(4 disponibles),Envío gratis,,MercadoLíder Gold,+100
Laptop Gamer Nitro 5 15.6' Fhd I5 8gb 256gb 1tb Video 4gb,,3449 soles con 80 céntimos,Nuevo | 1 vendido,(3 disponibles),Envío gratis,,MercadoLíder Gold,+1000
Laptop Hp Probook 440 G4 Ci5 7ma Ram8gb Hdd1tb+ssd256gb 14 (Reacondicionado),,1272 soles,1 vendido,(19 disponibles),Envío gratis,,MercadoLíder Gold,+500
"Portatil Gamer Tuf Gaming A15 Fa507rm-es73 Mecha Gray 15.6 , Amd Ryzen 7 6800h 16gb De Ram 512gb Ssd, Nvidia Geforce Rtx 3060 6gb, 300 Hz 1920x1080px Windows 11 Home",,6329 soles,Nuevo,(3 disponibles),Envío gratis,,MercadoLíder Gold,+100
Laptop Latitude Dell 5490 Ci5 7ma Gen 8gbram Ssd 480gb 14.1 (Reacondicionado),,1290 soles,1 vendido,(10 disponibles),Envío gratis,,MercadoLíder Gold,+500
Lenovo V15 G3 I5-12gen 16gb Ssd256+1tb 15.6 Iris Xe Usb-c,,2345 soles,Nuevo | 1 vendido,(2 disponibles),Envío gratis,,MercadoLíder Gold,+500
Hp Victus 15 144hz Ci5-12va Gen 16gb 512ssd 4gb Gtx1650 W11,,3849 soles con 48 céntimos,Nuevo | 2 vendidos,(4 disponibles),Envío gratis,,MercadoLíder Gold,+100
"Laptop Empresarial Core I7, 16gb Ram, 1tb Hdd / Ssd 14'' (Reacondicionado)",,1393 soles,+5 vendidos,(42 disponibles),Envío gratis,,MercadoLíder Gold,+500
Laptop Empresarial Dell 6430 Corei5 4gb Solido Ssd 240gb (Reacondicionado),,949 soles con 05 céntimos,+5 vendidos,(18 disponibles),Envío gratis,,MercadoLíder Gold,+500
Laptop Asus Intel Core I5 1135g7 8gb 512gb Ssd Nvidia Mx330,5.0,1799 soles,Nuevo | 1 vendido,(30 disponibles),Envío gratis,,,+5mil
Laptop Hp 240 G9 14' Celeron N4500 4gb 256gb Ssd Rj45 Lan,,1067 soles con 99 céntimos,Nuevo,,Envío gratis,,MercadoLíder Gold,+1000
Laptop Asus 14 X415 Core I3 8gb 8gb Ddr4 Ram 256gb Ssd,,1999 soles con 80 céntimos,Nuevo,,Envío gratis,,MercadoLíder Gold,+1000
Laptop Lenovo Yoga Pro 7 Ryzen7 Nvidia Rtx 3050 16gb 1tbssd,,4099 soles,Nuevo,(3 disponibles),Envío gratis,,MercadoLíder Gold,+1000
Laptop Lenovo Ideapad Gaming 3 15 Amd Ryzen 5 16gb 512 Ssd,,3599 soles,Nuevo | 1 vendido,(4 disponibles),Envío gratis,,MercadoLíder Gold,+1000
"Msi Stealth Gs77 Core I9 12900h 16ddr5 1tb Ssd Rtx3060 17,3'",,12265 soles con 34 céntimos,Nuevo,(3 disponibles),Envío gratis,,MercadoLíder Gold,+100
Laptop Lenovo V15 G2 Itl 15.6' Core 5 8gb 256gb Ssd Free,,2240 soles con 90 céntimos,Nuevo,,Envío gratis,,MercadoLíder Gold,+1000
Acer Nitro 5 Ci7-11800h 16gb 1tb Ssd 4gb Gtx3050ti 2022,,5499 soles con 32 céntimos,Nuevo | 2 vendidos,(2 disponibles),Envío gratis,,MercadoLíder Gold,+100
"Notebook Asus Ux3402za-km233w 14.0 2.8k Oled, Core I5-1240p",,5071 soles,Nuevo,(19 disponibles),Envío gratis,,MercadoLíder Gold,+100
Ocacion Vendo Laptop Nueva Intel Core I5 7ma Generacion,,800 soles,Nuevo,,Envío gratis,,,
Lenovo Legion Pro 5 Core I7-13700hx 16ddr5 1tssd Rtx4060 16',,9189 soles,Nuevo,(5 disponibles),Envío gratis,,MercadoLíder Gold,+100
Laptop Hp 15 Ryzen 5 8gb Ram 256gb Ssd 15.6 Hd,,2250 soles,Nuevo,(3 disponibles),Envío gratis,,MercadoLíder Gold,+100
Laptop Hp Victus 15.6' Fhd Amd R7 8gb 512gb 4gb Rtx 3050 Ti,,4683 soles con 80 céntimos,Nuevo,,Envío gratis,,MercadoLíder Gold,+1000
Lenovo Loq Core I7 13700h 16gb Ddr5 512gb Ssd Rtx4050 15.6',,7089 soles,Nuevo,(5 disponibles),Envío gratis,,MercadoLíder Gold,+100
Laptop Acer Aspire 5532 Kawg0 Para Repuestos,,59 soles,Usado,,,,MercadoLíder Gold,+1000
Laptop Lenovo Ideapad 3 I5 12gb Ram 512gb 15.6 Ssd Freedos,,2299 soles,Nuevo | 1 vendido,(41 disponibles),Envío gratis,,MercadoLíder Gold,+100
"Msi Stealth 15m Core I7 11375h 32gb 1tb Rtx3060 15,6' 144hz",,6289 soles,Nuevo,(3 disponibles),Envío gratis,,MercadoLíder Gold,+100
Laptop Asus X150 15.6' Ips I7 1260p 12va 8gb 512ssd Huella,,4377 soles con 80 céntimos,Nuevo,(2 disponibles),Envío gratis,,MercadoLíder Gold,+1000
"Laptop Asus M3401qc-km160w 14.0 2.8k Oled, Ryzen 5 5600h",,3724 soles,Nuevo,(4 disponibles),Envío gratis,,MercadoLíder Gold,+500
Cover Case Mate Para Macbook Air 13.3 A2337 M1 / A1932,4.4,69 soles con 99 céntimos,Nuevo | +50 vendidos,(83 disponibles),,,MercadoLíder Gold,+1000
Msi Cyborg 15 Core I7-13620h 16ddr5 1tbssd Rtx4050 6gb 15.6',,6989 soles,Nuevo,,Envío gratis,,MercadoLíder Gold,+100
Laptop Hp 0011 15.6' Hd Ryzen 5 3500u 8gb 256gb Ssd W10,,3053 soles con 61 céntimos,Nuevo,(2 disponibles),Envío gratis,,MercadoLíder Gold,+1000
Laptop Asus Zenbook Amd Ryzen 7 5700u 16gb 512gb Ssd Oled,,3999 soles,Nuevo,(4 disponibles),Envío gratis,,,+5mil
Laptop Lenovo Ideapad 3 15.6' I5 1135g7 12gb 512gb Ssd Veloz,,3023 soles con 80 céntimos,Nuevo,,Envío gratis,,MercadoLíder Gold,+1000
Laptop Asus Vivobook Flip Tp501ua I5 - 7°generación Oferta,,2400 soles,Nuevo,,Envío gratis,,,
Laptop Asus Fx517 15.6' I5 12ava 8gb 512ssd V4gb T. Iluminad,,6308 soles con 80 céntimos,Nuevo,,Envío gratis,,MercadoLíder Gold,+1000
"Asus Tuf Gaming 15.6 144hz Ci7-12650h, 16gb 1tb Rtx3060 6gb",,6999 soles,Nuevo,(3 disponibles),Envío gratis,,MercadoLíder,+100
Laptop Hp Eh0010la 15.6 R7 1920 X 1080 Fhd 8gb 512gb W10,,3228 soles con 80 céntimos,Nuevo,(2 disponibles),Envío gratis,,MercadoLíder Gold,+1000
Laptop Xiaomi Redmi G Pro 16 PuLG I7 12650h 32gb 1tb Rtx3060,,8000 soles,Usado,,,,,
Nuevo Msi Ge66,,1000 soles,Nuevo,,Envío gratis,,,
Laptop Hp 14-fq1025cl 14 Hd Amd R7 16gb 512gb Ssd W11 Tacti,,2407 soles con 90 céntimos,Nuevo,,Envío gratis,,MercadoLíder Gold,+1000
Notebook Dell Latitude 14 7430 I7 12va Fhd 16gb Ddr4,,7469 soles con 80 céntimos,Nuevo,,Envío gratis,,MercadoLíder Gold,+1000
Laptop Gaming G513rm 15.6'ips Fhd 300hz R7 16gb 1tb Ssd V6gb,,6975 soles con 80 céntimos,Nuevo,,Envío gratis,,MercadoLíder Gold,+1000
Laptop Asus Fx506lhb-hn323w 15.6 Intel Core I5 8gb 512gb,,1299 soles,Nuevo,(100 disponibles),Envío gratis,,,
"Lenovo Legion Pro 5, Core I7-13700hx, 16gb, 1tb Ssd, Rtx4060",,8599 soles,Nuevo,(10 disponibles),Envío gratis,,,+25
Laptop Asus G513 15.6' R7 16gb 1tbssd V6gb T. Iluminado W11,,6975 soles con 80 céntimos,Nuevo,,Envío gratis,,MercadoLíder Gold,+1000
Laptop Toshiba 15.6 - Ssd 240 - 8gb Ram,,800 soles,Usado,,,,,
New Macbook Pro 13 (2022) Chip M2 Apple / 8gb Ram Ssd 256gb,,3000 soles,Nuevo,(99 disponibles),Envío gratis,,,
Hp Pavilion X360 15-er0056 15.6'touch I5-1135g7 2.4ghz 8gb,,4999 soles con 99 céntimos,Nuevo,,Envío gratis,,,
Laptop Lenovo T570 Core I7 7ma Gen.,,2999 soles,Usado,,Envío gratis,,,
Macbook Air 512 Gb 8 Ram Procesador M1 Open Box 4 Tiendas,,3900 soles,Nuevo,(20 disponibles),Envío gratis,,,+5
Placa Madre Notebook Acer Aspire One Usado,,69 soles,Usado,,,,,+5
Acer Swift X 14 Fhd Ryzen 7 5800u Rtx 3050ti 16gb 512gb Ssd,,2500 soles,Nuevo,(3 disponibles),,,,
Alienware Area 51m Gaming Laptop,,2828 soles,Nuevo,(500 disponibles),Envío gratis,,,
Laptop Toshiba Satellite Modelo C845,,500 soles,Usado,,Envío gratis,,,
Laptop Dell Usada En Buen Estado Funcional Se Remata,,250 soles,Usado,,,,,
"Laptop Hp Pavilion Dv1000, Como Repuesto, Consulte.",,75 soles,Usado,,,,,
Laptop Dell Latitude 7390 I5 7ma Gen 8gb Pantalla Táctil Fhd,,1059 soles,Usado,,,,,
Macbook Air 2015 Intel Core I5 128gb Cargador Original Nuevo,,2599 soles,Usado,,,,,+50
Laptop Hp Star Wars Special Edition - 15-an001la,,1700 soles,Usado,,,,,
Laptop Gaming Hp Pavilion 1021 I5 10ma 8gb 1tb Video 3gb W10,,2999 soles,Nuevo,,Envío gratis,,,
Msi Ge75 17.3 Laptop Gamer Rtx 2080 I7 8750h 32gb Ram 2tb,,3499 soles,Nuevo,,Envío gratis,,,
Laptop Gamer Asus Tuf Dash F15 I7 Rtx3060 512gb 16gb,,4999 soles,Nuevo,,Envío gratis,,,
"Laptop Lenovo Ideapad 3 15itl05, 15.6 Core I3-1115g4 4gb+128",,2379 soles,Nuevo,,Envío gratis,,MercadoLíder,+50
Laptop Chuwi Herobook Pro 14.1 + Mochila,,1799 soles,Nuevo | 2 vendidos,(6 disponibles),Envío gratis,,,
Gigabyte 15.6 Aero 15 Laptop (black),,3199 soles,Nuevo,(82 disponibles),Envío gratis,,,
Laptop Asus Vivo Book 15,,340 soles,Nuevo,,Envío gratis,,,
Laptop Samsung Book2 Pro 360 I7 12ma 16gb 512gb Ssd,,2247 soles con 99 céntimos,Nuevo,(10 disponibles),Envío gratis,,,+5
Laptop Lenovo V15 G3 Ci5 12vagen 16gb Ram 256gb Ssd+1tbhdd,,2270 soles con 50 céntimos,Nuevo,(10 disponibles),Envío gratis,,MercadoLíder Gold,+500
Lenovo Legion 5 Pro 2k Ci7-12700h 16gb 1tb Ssd - Rtx3070 8gb,,7899 soles con 25 céntimos,Nuevo,(2 disponibles),Envío gratis,,MercadoLíder Gold,+100
Laptop Asus Gamer Fx506 I5 Fhd 144hz 8gb 512gb Rtx3050 W11,,3969 soles con 90 céntimos,Nuevo,,Envío gratis,,MercadoLíder Gold,+1000
Apple Macbook Air 13 13.3' 2k 8gb Ram 256gb Wifi 6 Bluetooth,,4599 soles con 90 céntimos,Nuevo,,Envío gratis,,MercadoLíder Gold,+1000
Laptop Asus G513rm Ryzen 9 6900hx 16gb Ddr5 1tb Ssd Rtx 3060,,8369 soles,Nuevo,(10 disponibles),Envío gratis,,MercadoLíder Gold,+1000
Laptop Asus Amd Ryzen 5 1 Tb Hdd 8 Gb Ram 14 Windows 10,,3051 soles con 50 céntimos,Nuevo,,Envío gratis,,,+5
"Laptop Hp 250 G9 15.6 I7-1255u Ram 8gb Ssd 512gb, Nvidia 2gb",,3249 soles,Nuevo,(10 disponibles),Envío gratis,,MercadoLíder Gold,+1000
Lenovo Legion 5 15arh7h 15.6 Portátil Para Juegos 16 Gb Ram,,1651 soles,Nuevo,(10 disponibles),Envío gratis,,,
Laptop Lenovo Idp Flex 5 14alc05 14' R3 5ta 8gb 256gb Tactil,,2041 soles con 80 céntimos,Nuevo,,Envío gratis,,MercadoLíder Gold,+1000
Lenovo Loq Core I7-13620h 16gb Ddr5 1tb Ssd Rtx4050 6gb 15.6,,6359 soles,Nuevo,(3 disponibles),Envío gratis,,MercadoLíder Gold,+100
Laptop Asus Intelcore I3-n305 8gb Ram 256gb Vivobook Go 15,,1599 soles,Nuevo,(30 disponibles),Envío gratis,,,+5mil
Lenovo Thinkpad X1 Carbón 14 Core I7 512ssd 16gb 20xxs7qe00,,7399 soles con 26 céntimos,Nuevo,(4 disponibles),Envío gratis,,MercadoLíder Gold,+500
Laptop Hp Probook 450 G9 I7 16gb 512gb Ssd 15.6 W10 Pro,,5999 soles,Nuevo,(18 disponibles),Envío gratis,,MercadoLíder Gold,+100
Laptop Hp Victus 16t 16.1 I7 13va 16gb 1tb Ssd W11,,7794 soles con 90 céntimos,Nuevo,,Envío gratis,,MercadoLíder Gold,+1000
Laptop 144hz Video 6gb 3060 Acer 17.3 I7 12va 16gb 1tb W11,,5899 soles con 80 céntimos,Nuevo,,Envío gratis,,MercadoLíder Gold,+1000
Laptop Dell Latitude 5440 I7 16gb Ram 512 Ssd 14 W11p,,5699 soles,Nuevo,(125 disponibles),Envío gratis,,MercadoLíder Gold,+100
Laptop 144hz Video 8gb 4070 Msi 15.6 I7 12va 16gb 1tb Ssd,,8725 soles con 80 céntimos,Nuevo,,Envío gratis,,MercadoLíder Gold,+1000
Laptop Gamer Acer 15.6' I7 12va 16gb 512ssd V6gb Rj45 14nuc,,6210 soles con 80 céntimos,Nuevo,,Envío gratis,,MercadoLíder Gold,+1000
"Notebook Hyundai Hybook Plus, 14.1 1366x768 Core I5 8gb",,1650 soles con 80 céntimos,Nuevo,(2 disponibles),Envío gratis,,MercadoLíder Gold,+1000
Laptop Core I5 12va Acer 15.6 Full Hd 512gb Ssd Iris *latin,,2180 soles,Nuevo,,Envío gratis,,,+100
"Notebook Lenovo Thinkpad L15 Gen 2, 15.6 Hd Tn Core I7",,6483 soles,Nuevo,(13 disponibles),Envío gratis,,MercadoLíder Gold,+100
Notebook Lenovo Thinkpad E15 Gen 4 15.6 Fhd Tncore I5-1235u,,5729 soles,Nuevo,(20 disponibles),Envío gratis,,MercadoLíder Gold,+100
Laptop 120hz Video 4gb 3050ti Lenovo 15.6' R5 8gb 256ssd,,3768 soles con 90 céntimos,Nuevo,,Envío gratis,,MercadoLíder Gold,+1000
Laptop 144hz Video 6gb 3060 Asus Tuf 15.6' R7 16gb 512ssd,,6761 soles con 80 céntimos,Nuevo,,Envío gratis,,MercadoLíder Gold,+1000
Laptop Gamer Victus 15.6' R7 12gb 512ssd V4gb Rj45 W11,,4846 soles con 80 céntimos,Nuevo,,Envío gratis,,MercadoLíder Gold,+1000
Laptop 144hz Video 6gb 3060 Msi 17.3' I9 12va 16gb 1tbssd,,9327 soles con 90 céntimos,Nuevo,,Envío gratis,,MercadoLíder Gold,+1000
Laptop Gamer Msi 15.6' I7 11va 16gb 1tb Ssd Rj45 W11,,7413 soles con 80 céntimos,Nuevo,,Envío gratis,,MercadoLíder Gold,+1000
Laptop Gaming Asus Fx516 15.6' I7 11va 16gb 512ssd V4gb W11,,5193 soles con 80 céntimos,Nuevo,,Envío gratis,,MercadoLíder Gold,+1000
Laptop 144hz V4gb 3050 Hp 16.1' Fhd I7 11va 8gb 512ssd W10,,4969 soles con 80 céntimos,Nuevo,,Envío gratis,,MercadoLíder Gold,+1000
Laptop Hp 15.6' Ryzen 5 256gb Ssd 8gb 6 Nucleos Ultra Veloz,,2096 soles con 90 céntimos,Nuevo,(2 disponibles),Envío gratis,,MercadoLíder Gold,+1000
Dell Laptop Inspiron 14 Serie 3493 10 I5-1035g1,,590 soles,Usado,(2 disponibles),Envío gratis,,,
Laptop Lenovo Ip5 15.6' Fhd R7 5700 16gb 512gb Ssd 8 Nucleos,,3909 soles con 80 céntimos,Nuevo,(2 disponibles),Envío gratis,,MercadoLíder Gold,+1000
Laptop Msi Katana 15.6' Intel Core I9 12va 16gb 1tb W11,,12505 soles con 80 céntimos,Nuevo,,Envío gratis,,MercadoLíder Gold,+1000
"Msi Gf72 8re 032 Core I7 2,2 Ghz 17,3 Zoll 8 Gb Ram",,1400 soles,Nuevo,(10 disponibles),Envío gratis,,,
Laptop Hp 2067 I3 10ma 14' Hd 16gb 1tb 256gb Ssd W10 Oficina,,2718 soles con 80 céntimos,Nuevo,,Envío gratis,,MercadoLíder Gold,+1000
Laptop Asus X515ea 15.6'fhd I7 11va 12gb 512ssd 4nuc W11,,4937 soles con 80 céntimos,Nuevo,(2 disponibles),Envío gratis,,MercadoLíder Gold,+1000
Laptop Asus X515e 15.6' I5 11va 8gb 512ssd Lector De Huella,,2413 soles con 80 céntimos,Nuevo,,Envío gratis,,MercadoLíder Gold,+1000
Laptop Dell Vostro 3405 14' R5 3450u 8gb 256gb Ssd 4 Nucleos,,2544 soles con 80 céntimos,Nuevo,,Envío gratis,,MercadoLíder Gold,+1000
Laptop Lenovo Slim 7 14' I7 1165g7 16gb 512gb Ssd W10 Veloz,,4479 soles con 80 céntimos,Nuevo,,Envío gratis,,MercadoLíder Gold,+1000
Laptop L15 Gaming 15.6 I5 11va 8gb 512ssd Mx450 V2gb W10,,6007 soles con 80 céntimos,Nuevo,,Envío gratis,,MercadoLíder Gold,+1000
Laptop Acer Aspire 5 15.6' Fulhd I5 10ma 8gb 256gb Ssd + 1tb,,2952 soles con 80 céntimos,Nuevo,,Envío gratis,,MercadoLíder Gold,+1000
Macbook Pro Retina 15 2018 Nuevo 921960571 En Caja 512gb,,4000 soles,Nuevo,(3 disponibles),Envío gratis,,,
Laptop Ecológica Aspire Vero 15.6 I5 8gb R 514gb Ssd,,3070 soles con 80 céntimos,Nuevo,,Envío gratis,,MercadoLíder Gold,+1000
Msi Crosshair 15 Core I7 11ava 32gb 1.5tera Ssd Rtx3060 15.6,,6989 soles,Nuevo,(2 disponibles),Envío gratis,,MercadoLíder Gold,+100
Laptop Hp 5010 15.6' I7 1255u 12va 12gb 512gb Ssd W11 Veloz,,3766 soles con 80 céntimos,Nuevo,,Envío gratis,,MercadoLíder Gold,+1000
Laptop Advance Ps5076 15.6' I5 8gen 4 Nucleos 8gb 256gb Ssd,,1710 soles con 80 céntimos,Nuevo,(2 disponibles),Envío gratis,,MercadoLíder Gold,+1000
Laptop Hybook 14.1' Intel Celeron Dual 4gb 128gb W10 Pro,,1262 soles con 80 céntimos,Nuevo,,Envío gratis,,MercadoLíder Gold,+1000
Laptop Gaming Hp 1038 15.6' Ryzen 7 8gb 512ssd V4gb 1650ti W,,4540 soles con 80 céntimos,Nuevo,,Envío gratis,,MercadoLíder Gold,+1000
Laptop Hp 2050 15.6' I3 11va 8gb 256ssd 16gb Optane W10,,2096 soles con 80 céntimos,Nuevo,,Envío gratis,,MercadoLíder Gold,+1000
Laptop 144hz Gamer Acer 15.6' I5 24gb 1tb 256gb Ssd Video 4g,,4682 soles con 70 céntimos,Nuevo,,Envío gratis,,MercadoLíder Gold,+1000
Laptop Hp 250 G8 15.6' I7 10ma 8gb 480gb Ssd 1tb Video 2gb,,4244 soles con 90 céntimos,Nuevo,,Envío gratis,,MercadoLíder Gold,+1000
Laptop Hp 0002 15.6' Hd Ryzen 5 512gb Ssd 16gb L. Huella W10,,3308 soles con 20 céntimos,Nuevo,,Envío gratis,,MercadoLíder Gold,+1000
Laptop Asus M515 15.6' Fhd Amd Ryzen 5 12gb 256gb Ssd W10,,3257 soles con 21 céntimos,Nuevo | 1 vendido,(2 disponibles),Envío gratis,,MercadoLíder Gold,+1000
Teclado Original Hp Probook 6470b,,189 soles,Nuevo,,Envío gratis,,,+5
Hp Victus 16 Core I7-13va 16gb 512ssd Rtx4070 144hz Win11 Color Negro,,8199 soles,Nuevo,(10 disponibles),Envío gratis,,,+25
Laptop Gaming Asus Fx506 15.6' I7 10ma 16gb 512gb Ssd V4gb G,,6499 soles,Nuevo,,Envío gratis,,MercadoLíder Gold,+1000
Laptop Hp 14-dq1003la 14' I5 10ma 8gb 256gb Ssd 16gb Optane,,2999 soles,Nuevo,,Envío gratis,,MercadoLíder Gold,+1000
Laptop Huawei Matebook D14 Ryzen 5 8gb Ram 512gb Ssd Nuevo (Reacondicionado),,2499 soles,,,Envío gratis,,,
Laptop Dell,,400 soles,Usado,,,,,
Oferta | Macbook Pro | Core I5 | 2.5 Ghz | 500 Disco | 4 Ram,,2500 soles,Nuevo,(100 disponibles),Envío gratis,,,
"Laptop Gamer Asus Tuf Dash F15 Gris 15.6 , Intel Core I7",,1500 soles,Nuevo,(10 disponibles),Envío gratis,,,
Mac Book Pro 2017 13.3 Pulgadas 8gb 128gb,,2400 soles,Usado,,,,,
Laptop Rog Zephyrus Duo Gx650 Ryzen9-6900hx 32gb 2tb 16gbv,,11999 soles,Nuevo,(2 disponibles),Envío gratis,,,
Laptop Gaming Acer Nitro 5 15.6' Ryzen 7 8gb 512gb Ssd V 4gb,,2500 soles,Nuevo,(81 disponibles),Envío gratis,,,
"Laptop Lenovo Thinkpad T480 Core I7 - 8550u 16 Gb, 500 Gb Sd",,2500 soles,Usado,,Envío gratis,,,
"Chromebook Hp De 11,6 , Amd A4, 4 Gb De Ram",,899 soles,Nuevo,,Envío gratis,,,
Msi Summit E13 Flip Evo Touchscreen 2-in-1 Ultra Thin Laptop,,2499 soles,Nuevo,(100 disponibles),Envío gratis,,,
Laptop Hp 240 G5 Corei3 5ta Generacion Disco Solido,,1000 soles,Usado,(2 disponibles),,,,
Alienware M15 R3 15.6 | I7 10th Gen | 2070 8gb | 16gb,,5500 soles,Nuevo,,Envío gratis,,,
Alienware M15 R3 Gaming 17.3 Core I9 Win 10 Pro 2tb Ssd 32g,,4000 soles,Nuevo,,Envío gratis,,,
Laptop Lenovo Thinkpad E16 Ryzen 5 8gb 512gb Ssd 16 Wuxga,,3699 soles,Nuevo,(10 disponibles),Envío gratis,,MercadoLíder Gold,+1000
Laptop Hp 250 G9 Core I3 12va Generacion 8gb+512gb 15.6,,1699 soles,Nuevo,(10 disponibles),Envío gratis,,MercadoLíder Gold,+500
Laptop Gaming Dell Latitude 5530 15.6' 1920 X 1080 I5 8gb,,3099 soles,Nuevo,,Envío gratis,,MercadoLíder Gold,+1000
Laptop Lenovo Gamer 15iah7 15.6' Ips I5 12va 8gb 512gb V4gb,,3937 soles con 80 céntimos,Nuevo,,Envío gratis,,MercadoLíder Gold,+1000
Laptop Lenovo Ideapad 3 I5 12gb Ram 512gb Ssd 15.6 Fhd,,2103 soles,Nuevo,(126 disponibles),Envío gratis,,MercadoLíder Gold,+100
Vivobook 144hz Asus Rtx 3070 15.6 R9 32gb 1tb Ssd W11,,7140 soles con 90 céntimos,Nuevo,,Envío gratis,,MercadoLíder Gold,+1000
Laptop Acer An517 17.3 144hz I7 12va 16gb 1tb Ssd V6gb 3060,,5899 soles con 80 céntimos,Nuevo,,Envío gratis,,MercadoLíder Gold,+1000
Laptop Lenovo Thinkpad P15s Gen2 15.6 Fhd I7 11va 4.8ghz 32,,9265 soles con 80 céntimos,Nuevo,,Envío gratis,,MercadoLíder Gold,+1000
"Notebook Asus G713rw-ll039w, 17.3 Wqhd Ips, Amd Ryzen 9",,10687 soles,Nuevo,(16 disponibles),Envío gratis,,MercadoLíder Gold,+100
Laptop Hp Elite Dragonfly G3 13.5 I7 16gb 512gb 1920 X 1280,,9632 soles,Nuevo,,Envío gratis,,MercadoLíder Gold,+1000
Lapotp Hp 2505 15.6' Hd I5 11va 12gb 512ssd W11 Veloz,,3182 soles con 88 céntimos,Nuevo,(2 disponibles),Envío gratis,,MercadoLíder Gold,+1000
Laptop Hp Probook 440 G9 I5 8gb 512gb Ssd W11 Pro 14 Fhd,,4309 soles con 17 céntimos,Nuevo,,Envío gratis,,MercadoLíder Gold,+100
Laptop Hp Icore5 1tb Nvidia Geforce Mx110 - 8gb Ram,,1200 soles,Usado,,Envío gratis,,,
Laptopacer Nitro 5 15.6 I9 11900h 16gb 512 Ssd Rtx 3060 6gb,,7529 soles,Nuevo,(10 disponibles),Envío gratis,,MercadoLíder Gold,+100
Asus Tuf A15 Ryzen 7 6800h 32gb 1tb Ssd Rtx3060 15.6' 300hz,,6849 soles,Nuevo,,Envío gratis,,MercadoLíder Gold,+100
Hp Elite Book 820 G3 I5 6° Generación,,1100 soles,Nuevo,(100 disponibles),Envío gratis,,,
Lenovo Legion Pro 16 Wqxga R7 5800h 16gb 512gb Ssd Rtx 3070,,5999 soles,Nuevo,,Envío gratis,,MercadoLíder Gold,+500
Laptop Gaming Lenovo 15.6'fhd I7 11va 16gb 512ssd V4gb 4nuc,,5370 soles con 80 céntimos,Nuevo,,Envío gratis,,MercadoLíder Gold,+1000
Laptop Hp 15-ef2013 15.6' R5 5500u 12gb 256gb W11,,2571 soles con 90 céntimos,Nuevo,,Envío gratis,,MercadoLíder Gold,+1000
Laptop Gaming Msi 15.6' I7 11va 32gb 1tb Ssd Video 6gb 3060,,6873 soles con 80 céntimos,Nuevo,,Envío gratis,,MercadoLíder Gold,+1000
"2021 Apple Macbook Pro 16-inch (m1 Max, 64gb, 2tb)",,900 dólares,Usado,(1000 disponibles),Envío gratis,,,
Laptop Gamer Acer Nitro 5 15.6' I5 12va 8gb 512ssd V4gb 3050,,4479 soles con 80 céntimos,Nuevo,,Envío gratis,,MercadoLíder Gold,+1000
Laptop Asus Vivobook 15.6' I5 10ma 8gb 256ssd W10 Ultraveloz,,2719 soles con 90 céntimos,Nuevo,,Envío gratis,,MercadoLíder Gold,+1000
Laptop Gaming Acer 15.6'i7 11av 8gb 512ssd V4gb Rtx3050 Rj45,,5071 soles con 80 céntimos,Nuevo,,Envío gratis,,MercadoLíder Gold,+1000
Laptop Gaming Acer An515 15.6' I7 10ma 16gb 1tb 256ssd V4gb,,7626 soles con 80 céntimos,Nuevo,,Envío gratis,,MercadoLíder Gold,+1000
Laptop Acer Nitro 5 17.3' 144hz R7 8gb 512gb Rj45 V6gb W11,,6537 soles con 80 céntimos,Nuevo,,Envío gratis,,MercadoLíder Gold,+1000
Laptop Lenovo Legion 5 15.6' I5 12va 8gb 512ssd V4gb T. Ilum,,6272 soles con 80 céntimos,Nuevo,,Envío gratis,,MercadoLíder Gold,+1000
Asus 17.3 Republic Of Gamers Strix Scar 17 Se Gaming Laptop,,800 dólares,Nuevo,(14 disponibles),Envío gratis,,,
Laptop Lenovo Thinkpadt15gen2 Core I5 1135g7 8gb 512ssd W10p,,6849 soles,Nuevo,(6 disponibles),Envío gratis,,MercadoLíder Gold,+100
"Lenovo Ideapad 3, 14'' Fhd Ryzen 3 5300u, 8gb Ram, 256gb Ssd",,1899 soles,Nuevo,,Envío gratis,,,
Laptop Lenovo L15 15.6' Ryzen 7 Pro 16gb 512gb Ssd W10 Pro,,6210 soles con 80 céntimos,Nuevo,,Envío gratis,,MercadoLíder Gold,+1000
Macbook Air 13 Early 128gb Ssd - Silver (Reacondicionado),,1399 soles,,,Envío gratis,,,
Laptop Gamer Asus G713rw 17.3' Wqhd Ips R9 16gb 1tb Rtx3070,,11506 soles con 80 céntimos,Nuevo,(2 disponibles),Envío gratis,,MercadoLíder Gold,+1000
Msi Alpha 15 Ryzen 7-5800h 16gb 512ssd Video 8gb 15.6 144hz,,7199 soles con 20 céntimos,Nuevo,(2 disponibles),Envío gratis,,MercadoLíder Gold,+100
Laptop Dell Latitude E7470 Para Juegos Y Estudios,,990 soles,Usado,,Envío gratis,,,
Laptop Asus Vivovook M413 14' Fhd R5 3500u 8gb 256ssd W10,,3177 soles con 80 céntimos,Nuevo,,Envío gratis,,MercadoLíder Gold,+1000
Laptop Acer A515 15.6' Fhd Ryzen 5 12gb 256gb Ssd W10,,3431 soles con 80 céntimos,Nuevo,,Envío gratis,,MercadoLíder Gold,+1000
Laptop Lenovo V15 G2 Itl 15.6' Full Hd I7 11ava 8gb 256ssd,,3420 soles con 80 céntimos,Nuevo,,Envío gratis,,MercadoLíder Gold,+1000
Laptop Lenovo Thinkbook G2 15.6' I5 11va 8gb 512gb Ssd Rj45,,4580 soles con 80 céntimos,Nuevo,,Envío gratis,,MercadoLíder Gold,+1000
Laptop Hp Probook 455 G8 15.6' Ryzen 7 5800u 8gb 256ssd W10,,3361 soles con 80 céntimos,Nuevo,(2 disponibles),Envío gratis,,MercadoLíder Gold,+1000
Laptop Lenovo V15 15.6' Amd Ryzen 5 5500u 8gb 256gb Ssd,,2616 soles con 80 céntimos,Nuevo,,Envío gratis,,MercadoLíder Gold,+1000
Gaming Asus M340 14' 2k Oled Ryzen 5 5600h 8g 512ssd 4g 3050,,4449 soles con 80 céntimos,Nuevo,,Envío gratis,,MercadoLíder Gold,+1000
Laptop Asus X515 15.6' Fhd I5 11va 12gb 500gb Ssd Lec Huella,,3563 soles con 80 céntimos,Nuevo,,Envío gratis,,MercadoLíder Gold,+1000
Laptop Acer Gamer Nitro 5 15.6' R 7 16gb 512ssd V4gb 1650,,5090 soles con 80 céntimos,Nuevo,,Envío gratis,,MercadoLíder Gold,+1000
Laptop Asus Fx516 I7 11va 15.6'fhd Ips 16gb 512ssd Rtx3504gb,,6515 soles con 80 céntimos,Nuevo,,Envío gratis,,MercadoLíder Gold,+1000
Laptop Hp 14 R005la Para Repuesto (incompleta),,340 soles,Usado,,,,,
Laptop Hp 250 G8 15.6' I7 10ma 8gb 480gb Ssd Video 2gb Veloz,,4031 soles con 10 céntimos,Nuevo,,Envío gratis,,MercadoLíder Gold,+1000
Laptop Dell Latitude 3420 14 Hd Intel Core I5 10ma 4gb 1tb,,3409 soles con 90 céntimos,Nuevo,,Envío gratis,,MercadoLíder Gold,+1000
Laptop Dell Latitude 3420 14' Hd I3 10ma 4gb 1tb 120gb Ssd,,2850 soles,Nuevo,,Envío gratis,,MercadoLíder Gold,+1000
Laptop Dell Latitude 3420 14 Hd I5 10ma 8gb 1tb 120gb Ssd,,3712 soles con 50 céntimos,Nuevo,,Envío gratis,,MercadoLíder Gold,+1000
Cover Case Mate Protector Macbook Retina 13.3 A1425 / A1502,,69 soles con 99 céntimos,Nuevo | +5 vendidos,(42 disponibles),,,MercadoLíder Gold,+1000
Laptop X515ea 15.6' I7 11ava 8gb 1tb 128ssd Lector Huella,,4132 soles con 91 céntimos,Nuevo,,Envío gratis,,MercadoLíder Gold,+1000
Laptop Hp 2043 15.6' I5 10ma 8gb 256ssd Rj45 Video 2gb W10,,3012 soles con 91 céntimos,Nuevo,(2 disponibles),Envío gratis,,MercadoLíder Gold,+1000
Laptop Lenovo Ideapad V15 15.6' I7 10ma 8gb 512gb Ssd,,3715 soles con 41 céntimos,Nuevo,,Envío gratis,,MercadoLíder Gold,+1000
"Vendo Laptop Hp 16.5 Pulgadad, Casi Nueva, 8 Meses Comprado",,1900 soles,Usado,,,,,
Huawei Matebook D14 I7 10ma 8gb 512gb,,1114 soles con 38 céntimos,Nuevo,(10 disponibles),Envío gratis,,,+5
"Asus Tuf A15, Ryzen 9 7940hs, Rtx 4050 (6gb), 16gb Ddr5 Ram,",,6500 soles,Nuevo,,Envío gratis,,,+5
Microsoft Surface Laptop Go 2 | I5/8 Gb/256 Gb | Platino,,2033 soles,Nuevo,(108 disponibles),Envío gratis,,,
Laptop Dell Inspiron 15 3511 I5-1135g7/8gb/256ssd/15.6 /ubun,,2719 soles,Nuevo,,Envío gratis,,,+5
Hp Probook 440 G1 (i5 4ta) (Reacondicionado),,780 soles,,,Envío gratis,,,
2021 Apple Macbook Pro 14 Mi Pro Laptop,,2499 soles,Nuevo,(20 disponibles),Envío gratis,,,
Laptop Gateway Nv57c Americana Intel Core I5 6gb 17.5,,799 soles,Usado,,Envío gratis,,,
Laptop Gaming Asus Tuf F15 Ci5-11400h 8gb 512gb 15.6,,2400 soles,Nuevo | 1 vendido,(2 disponibles),,,,
"Laptop Lenovo Ideapad 3, 15.6 Fhd, Core I3-1115g4, 4gb, 128g",,2379 soles,Nuevo,,Envío gratis,,MercadoLíder,+100
"Laptop Lenovo S540-13iml, I7, 16gb, 512 Ssd, 13.3 Hd, Win 10",,1200 soles,Nuevo,(73 disponibles),Envío gratis,,,
Lenovo Ideapad Yoga 13 - Core I3 3227u - 8gb Ram - 128gb Ssd,,600 soles,Usado,,,,,
Huawei Matebook X Pro 13.9 Inch I7-8550u 16gb 512gb Ssd Spac,,3700 soles,Nuevo,(1000 disponibles),,,,
Macbook Pro 14 M2 Pro Ssd 512gb 16gb Ram 2023,,5500 soles,Nuevo,(90 disponibles),Envío gratis,,,
"Lenovo Laptop Ideapad 3 2023 , Pantalla Táctil 15.6 -8gb Ram",,1579 soles,Nuevo,,Envío gratis,,,
Laptop Lenovo Ideapad Gaming 3i 15 Core/i7 16/gb 512/gb Ssd,,3000 soles,Nuevo,(50 disponibles),Envío gratis,,,
Ideapad Lenovo,,500 soles,Usado,,,,,
Macbook Pro 14 Chip M1 Pro 1tb Ssd 16gb Ram 2021 Ingles,,3200 soles,Nuevo,(1000 disponibles),Envío gratis,,,
Asus Rog Zephyrus G14 R9 Rtx3060,,2200 soles,Nuevo,(1000 disponibles),Envío gratis,,,
Laptop Asus Core I7 4gb Ram 120gb Ssd,,1800 soles,Usado,,,,,
Samsung Chromebook 15.6 Intel Celeron N4000,,1590 soles,Nuevo,,Envío gratis,,,
Laptop Power Book G4 Antigua Original De Coleccion,,650 soles,Usado,,,,,
"Hp Envy 16 Qhd+ Tactil Ci9-13900h 16gb 1tb Ssd, Rtx4060 8gb",,8599 soles con 33 céntimos,Nuevo,(6 disponibles),Envío gratis,,MercadoLíder Gold,+100
"Alienware M15 R7, Core I9-12900hx, 32gb, 1tb, Rtx3080, 240hz (Reacondicionado)",,8599 soles,,(10 disponibles),Envío gratis,,,+25
Laptop Hp 2083 15.6 I7 12va 16gb 1tb Ssd Tactil W11 Lapiz,,3999 soles,Nuevo,,Envío gratis,,MercadoLíder Gold,+1000
"Laptop Haier H15c5, Core I5-10210u, 8gb Ddr4, Ssd 512gb",,1719 soles,Nuevo,(2 disponibles),Envío gratis,,MercadoLíder Gold,+1000
Laptop Gamer Asus Rog X13 13.4 R7 16gb 512g 4gb 3050 Tactil,,5899 soles,Nuevo,,Envío gratis,,MercadoLíder Gold,+1000
Laptop Gamer Dell Latitude 5530 15.6' Fhd I5 8gb 256gb Ddr4,,3099 soles,Nuevo,,Envío gratis,,MercadoLíder Gold,+1000
Laptop Dell Gaming G5 15.6 2560x1440 Qhd 16gb 1tb W11,,9899 soles,Nuevo,,Envío gratis,,MercadoLíder Gold,+1000
Laptop Gamer Asus M1603qa 16 R7 12gb 512ssd T. Iluminado,,3199 soles con 90 céntimos,Nuevo,,Envío gratis,,MercadoLíder Gold,+1000
Laptop Inspiron 3511 Dell 15.6' I7 11va 8gb 1000gb 256ssd,,3699 soles con 80 céntimos,Nuevo,,Envío gratis,,MercadoLíder Gold,+1000
Laptop Lenovo Thinkpad 14' X1 Yoga Gen 6 11va 16gb Tactilw11,,5819 soles con 80 céntimos,Nuevo,,Envío gratis,,MercadoLíder Gold,+1000
"Laptop Asus Expertbook B1400ceae, I5-1135g7 16gb, Ssd 512gb",,3099 soles,Nuevo,(10 disponibles),Envío gratis,,MercadoLíder Gold,+1000
Laptop Dell Inspiron 15 15.6' Fhd Led I5 11va 8gb 256ssd W11,,2540 soles con 80 céntimos,Nuevo,,Envío gratis,,MercadoLíder Gold,+1000
Laptop Asus Vivobook Pro 15x 15.6 Ryzen 9 32gb 1tb Ssd W11,,7140 soles con 90 céntimos,Nuevo,,Envío gratis,,MercadoLíder Gold,+1000
Laptop Lenovo Ideapad 3 15alc6 15.6 R7 16gb 512ssd W11home,,2778 soles,Nuevo,(63 disponibles),Envío gratis,,MercadoLíder Gold,+100
Laptop Gaming Hp Omen 16 16.1 R7 16gb 512gb Ssd V6gb T. Ilu,,6159 soles con 90 céntimos,Nuevo,,Envío gratis,,MercadoLíder Gold,+1000
Laptop Gamer Gateway 51518 15.6 I5 11va 16gb 512ssd V4gb,,3299 soles con 80 céntimos,Nuevo,,Envío gratis,,MercadoLíder Gold,+1000
Laptop Gamer Dell G15 15.6 I7 12va 16gb 1tb Ssd V6gb T. Ilu,,6279 soles con 90 céntimos,Nuevo,,Envío gratis,,MercadoLíder Gold,+1000
"Hp Victus 15 Core I5 12450h 16gb Ram 512gb Ssd, Gtx1650 4gb",,4199 soles,Nuevo,(10 disponibles),Envío gratis,,,+25
Laptop Hp 15-dy5011la 15.6 Hd I7-1255u 8gb 512gbssd Freedos,,3499 soles,Nuevo,,Envío gratis,,MercadoLíder Gold,+100
Laptop 165hz Video 8gb 4060 Asus 16 I7 13va 16gb 512ssd Rtx,,8349 soles con 88 céntimos,Nuevo,,Envío gratis,,MercadoLíder Gold,+1000
